{
  "tag": "base",
  "n": 1000,
  "extraction_rate": 0.989,
  "mean_tokens": 125.583,
  "mean_mse": 0.31387169682491417,
  "nmse": 0.46821112374442225,
  "fve": 0.5317888762555778,
  "fve_baseline": 0.6703636050224304,
  "rl_lora": null,
  "mean_tokens_std": 12.401093137300437,
  "mean_tokens_sem": 0.3921569978975257,
  "fve_std": 0.28292860981370377,
  "fve_sem": 0.008996606384741793
}