{
  "tag": "p0.002",
  "n": 1000,
  "extraction_rate": 1.0,
  "mean_tokens": 74.042,
  "mean_mse": 0.2880815747007728,
  "nmse": 0.4297392825959481,
  "fve": 0.5702607174040519,
  "fve_baseline": 0.6703636050224304,
  "rl_lora": "/workspace/nla/ckpts/rl/p0.002/iter_000250",
  "mean_tokens_std": 8.125160675334365,
  "mean_tokens_sem": 0.2569401408888849,
  "fve_std": 0.24967249049901785,
  "fve_sem": 0.007895337390636461
}