{
  "tag": "p0.03",
  "n": 1000,
  "extraction_rate": 0.996,
  "mean_tokens": 13.997,
  "mean_mse": 0.5195876103507946,
  "nmse": 0.7750832629605677,
  "fve": 0.22491673703943227,
  "fve_baseline": 0.6703636050224304,
  "rl_lora": "/workspace/nla/ckpts/rl/p0.03/iter_000250",
  "mean_tokens_std": 6.77606013845804,
  "mean_tokens_sem": 0.21427783599803316,
  "fve_std": 0.28887411799563095,
  "fve_sem": 0.009153326696135042
}