{
  "tag": "p0.0",
  "n": 1000,
  "extraction_rate": 0.99,
  "mean_tokens": 126.523,
  "mean_mse": 0.2785063454147541,
  "nmse": 0.4154556472459976,
  "fve": 0.5845443527540024,
  "fve_baseline": 0.6703636050224304,
  "rl_lora": "/workspace/nla/ckpts/rl/p0.0/iter_000250",
  "mean_tokens_std": 11.93630893534513,
  "mean_tokens_sem": 0.3774592309111012,
  "fve_std": 0.2579420984690417,
  "fve_sem": 0.008197938036057801
}