{
  "tag": "p0.006",
  "n": 1000,
  "extraction_rate": 1.0,
  "mean_tokens": 31.903,
  "mean_mse": 0.3475457067415118,
  "nmse": 0.5184435791824988,
  "fve": 0.48155642081750116,
  "fve_baseline": 0.6703636050224304,
  "rl_lora": "/workspace/nla/ckpts/rl/p0.006/iter_000250",
  "mean_tokens_std": 3.4594206162304117,
  "mean_tokens_sem": 0.1093964853183136,
  "fve_std": 0.260997891068598,
  "fve_sem": 0.008253478002772877
}